CREATE TABLE VehicleTypeValidation
(
	Id int PRIMARY KEY IDENTITY(1, 1),
	[Name] nvarchar(20)
)

GO

CREATE TABLE VehicleMakeValidation
(
	Id int PRIMARY KEY IDENTITY(1, 1),
	TypeId int NOT NULL,
	[Name] nvarchar(50) NOT NULL,
	CONSTRAINT FK_VehicleMake_VehicleType FOREIGN KEY(TypeId) REFERENCES VehicleTypeValidation(Id),
	CONSTRAINT UC_VehicleMake_TypeId_Name UNIQUE (TypeId, [Name])
)

GO

CREATE TABLE VehicleModelValidation
(
	Id int PRIMARY KEY IDENTITY(1, 1),
	MakeId int NOT NULL,
	[Name] nvarchar(50) NOT NULL,
	CONSTRAINT FK_VehicleModel_VehicleMake FOREIGN KEY(MakeId) REFERENCES VehicleMakeValidation(Id),
	CONSTRAINT UC_VehicleModel_MakeId_Name UNIQUE (MakeId, [Name])
)

GO

SET IDENTITY_INSERT VehicleTypeValidation ON
INSERT INTO VehicleTypeValidation
(
	Id,
	[Name]
)
VALUES
(1, 'Car'), -- autocomplete for model
(2, 'Motorcycle'),
(3, 'Bus'), -- autocomplete for model
(4, 'Truck'),
(5, 'Caravan'),
(6, 'Other')
SET IDENTITY_INSERT VehicleTypeValidation OFF

GO

SET IDENTITY_INSERT VehicleMakeValidation ON
INSERT INTO VehicleMakeValidation
(
	Id,
	TypeId,
	[Name]
)
VALUES
(1, 1, 'VW'),
(2, 1, 'Mercedes-Benz'),
(3, 1, 'BMW'),
(4, 1, 'Opel'),
(5, 1, 'Audi'),
(6, 1, 'Peugeot'),
(7, 1, 'Renault'),
(8, 1, 'Ford'),
(9, 1, 'Toyota'),
(10, 1, 'Citroen'),
(11, 1, 'Fiat'),
(12, 1, 'Mazda'),
(13, 1, 'Nissan'),
(14, 1, 'Honda'),
(15, 1, 'Seat'),
(16, 1, 'Skoda'),
(17, 1, 'Mitsubishi'),
(18, 1, 'Hyundai'),
(19, 1, 'Kia'),
(20, 1, 'Subaru'),
(21, 1, 'Volvo'),
(22, 1, 'Suzuki'),
(23, 1, 'Alfa Romeo'),
(24, 1, 'Chevrolet'),
(25, 1, 'Land Rover'),
(26, 1, 'Dacia'),
(27, 1, 'Jeep'),
(28, 1, 'Lancia'),
(29, 1, 'Mini'),
(30, 1, 'Chrysler'),
(31, 1, 'Daihatsu'),
(32, 1, 'Smart'),
(33, 1, 'Daewoo'),
(34, 1, 'Ssangyong'),
(35, 1, 'Rover'),
(36, 1, 'Porsche'),
(37, 1, 'Jaguar'),
(38, 1, 'Saab'),
(39, 1, 'Lada'),
(40, 1, 'Lexus'),
(41, 1, 'Infiniti'),
(42, 1, 'Dodge'),
(43, 1, 'Great wall'),
(44, 1, 'Isuzu'),
(45, 1, 'Moskvich'),
(46, 1, 'Range Rover'),
(47, 1, 'Tesla'),
(48, 1, 'Cadillac'),
(49, 1, 'Tata'),
(50, 1, 'UAZ'),
(51, 1, 'Lamborghini'),
(52, 1, 'Trabant'),
(53, 1, 'Wartburg'),
(54, 1, 'Bentley'),
(55, 1, 'MG'),
(56, 1, 'Lincoln'),
(57, 1, 'DR'),
(58, 1, 'Maserati'),
(59, 1, 'Volga'),
(60, 1, 'Pontiac'),
(61, 1, 'Hummer'),
(62, 1, 'Mahindra'),
(63, 1, 'Ferrari'),
(64, 1, 'ВАЗ'),
(65, 1, 'GAZ'),
(66, 1, 'Rolls Royce'),
(67, 1, 'Iveco'),
(68, 1, 'Buick'),
(69, 1, 'Acura'),
(70, 1, 'Piaggio'),
(71, 1, 'Zaz'),
(72, 1, 'Asia Motors'),
(73, 1, 'GMC'),
(74, 1, 'DS'),
(75, 1, 'Aston Martin'),
(76, 1, 'Haval'),
(77, 1, 'Datsun'),
(78, 1, 'Talbot'),
(79, 1, 'Maybach'),
(80, 1, 'Zastava'),
(81, 1, 'Aro'),
(82, 1, 'Yogomo'),
(83, 1, 'Tempo'),
(84, 1, 'Shuanghuan'),
(85, 1, 'Austin'),
(86, 1, 'Scion'),
(87, 1, 'Triumph'),
(88, 1, 'Barkas'),
(89, 1, 'Oldsmobile'),
(90, 1, 'Geo'),
(91, 1, 'Варшава'),
(92, 1, 'Lotus'),
(93, 1, 'Alpina'),
(94, 1, 'McLaren'),
(95, 1, 'Oxford'),
(96, 1, 'Ikarus'),
(97, 1, 'Vauxhall'),
(98, 1, 'Simca'),
(99, 3, 'VW'),
(100, 3, 'Ford'),
(101, 3, 'Iveco'),
(102, 3, 'Fiat'),
(103, 3, 'Renault'),
(104, 3, 'Peugeot'),
(105, 3, 'Citroen'),
(106, 3, 'Opel'),
(107, 3, 'Nissan'),
(108, 3, 'Hyundai'),
(109, 3, 'Mitsubishi'),
(110, 3, 'Kia'),
(111, 3, 'Toyota'),
(112, 3, 'Isuzu'),
(113, 3, 'MAN'),
(114, 3, 'LDV'),
(115, 3, 'Setra'),
(116, 3, 'Subaru'),
(117, 3, 'DAF'),
(118, 3, 'UAZ'),
(119, 3, 'Neoplan'),
(120, 3, 'Bova'),
(121, 3, 'Daewoo'),
(122, 3, 'GAZ'),
(123, 3, 'Daihatsu'),
(124, 3, 'Chevrolet'),
(125, 3, 'Suzuki'),
(126, 3, 'GMC'),
(127, 3, 'Bedford'),
(128, 3, 'Scania'),
(129, 3, 'Latvia'),
(130, 3, 'Mazda'),
(131, 3, 'Dodge'),
(132, 3, 'Chrysler'),
(133, 3, 'Seat'),
(134, 3, 'Temsa'),
(135, 3, 'Wartburg'),
(136, 3, 'Mercedes-Benz'),
(137, 2, 'Aeon'),
(138, 2, 'Aprilia'),
(139, 2, 'Arctic'),
(140, 2, 'Argo'),
(141, 2, 'Atala'),
(142, 2, 'Avo'),
(143, 2, 'Babeta'),
(144, 2, 'Balkan'),
(145, 2, 'Baotian'),
(146, 2, 'Bashan'),
(147, 2, 'Benelli'),
(148, 2, 'Benzhou'),
(149, 2, 'Beta'),
(150, 2, 'Bmw'),
(151, 2, 'Bombardier'),
(152, 2, 'Bora'),
(153, 2, 'Brixton'),
(154, 2, 'Bucci'),
(155, 2, 'Buell'),
(156, 2, 'Cagiva'),
(157, 2, 'Can-am'),
(158, 2, 'Cax'),
(159, 2, 'Cfmoto'),
(160, 2, 'Chimatti'),
(161, 2, 'Chin'),
(162, 2, 'Chung'),
(163, 2, 'Cpi'),
(164, 2, 'CRG'),
(165, 2, 'Cz'),
(166, 2, 'Daelim'),
(167, 2, 'Delta'),
(168, 2, 'Derbi'),
(169, 2, 'DINLI'),
(170, 2, 'Dkw'),
(171, 2, 'Dneper'),
(172, 2, 'Ducati'),
(173, 2, 'Egl'),
(174, 2, 'Etz'),
(175, 2, 'Explorer'),
(176, 2, 'Falcon'),
(177, 2, 'Fantik'),
(178, 2, 'Fym'),
(179, 2, 'Galeri'),
(180, 2, 'Gareli'),
(181, 2, 'Gas gas'),
(182, 2, 'GELY'),
(183, 2, 'Genata'),
(184, 2, 'Generic'),
(185, 2, 'Geo ming'),
(186, 2, 'Gilera'),
(187, 2, 'Go-ped'),
(188, 2, 'Hanway'),
(189, 2, 'Harley'),
(190, 2, 'Herkules'),
(191, 2, 'HiSUN'),
(192, 2, 'Honda'),
(193, 2, 'Hupper'),
(194, 2, 'Husaberg'),
(195, 2, 'Huskvarna'),
(196, 2, 'Hyosung'),
(197, 2, 'Ifa'),
(198, 2, 'Irbib'),
(199, 2, 'Irbit'),
(200, 2, 'Italjet'),
(201, 2, 'Jawa'),
(202, 2, 'Jianshe'),
(203, 2, 'Jinlun'),
(204, 2, 'JOCSPORT'),
(205, 2, 'Jonway'),
(206, 2, 'Kagiva'),
(207, 2, 'Karpati'),
(208, 2, 'Kawasaki'),
(209, 2, 'Keeway'),
(210, 2, 'Kinetic'),
(211, 2, 'KSR Moto'),
(212, 2, 'Ktm'),
(213, 2, 'Kymco'),
(214, 2, 'Lambretta'),
(215, 2, 'Lantana'),
(216, 2, 'Laverda'),
(217, 2, 'Lifan'),
(218, 2, 'Ly-gig'),
(219, 2, 'Malaguti'),
(220, 2, 'Mb'),
(221, 2, 'Mbk'),
(222, 2, 'Mikilon'),
(223, 2, 'Minareli'),
(224, 2, 'Mini'),
(225, 2, 'Moto Guzzi'),
(226, 2, 'Motobim'),
(227, 2, 'Motomorini'),
(228, 2, 'MotorHispania'),
(229, 2, 'MTL'),
(230, 2, 'Mtz'),
(231, 2, 'Mulan'),
(232, 2, 'Multistrada'),
(233, 2, 'MV AGUSTA'),
(234, 2, 'Mz'),
(235, 2, 'NBLOCK'),
(236, 2, 'Nsu'),
(237, 2, 'Oral'),
(238, 2, 'Panonia'),
(239, 2, 'Peugeot'),
(240, 2, 'Piaggio'),
(241, 2, 'Pocketbike'),
(242, 2, 'Polaris'),
(243, 2, 'Polini Motori'),
(244, 2, 'Qm'),
(245, 2, 'Rewaco'),
(246, 2, 'Rex'),
(247, 2, 'Rieju'),
(248, 2, 'Riga'),
(249, 2, 'Romet'),
(250, 2, 'SACHS'),
(251, 2, 'Saks'),
(252, 2, 'Sampo'),
(253, 2, 'Sandiro'),
(254, 2, 'Sanyang'),
(255, 2, 'Sax'),
(256, 2, 'Scato'),
(257, 2, 'Scoot'),
(258, 2, 'Shineray'),
(259, 2, 'Simson'),
(260, 2, 'Ski-Doo'),
(261, 2, 'Sonik'),
(262, 2, 'Staer'),
(263, 2, 'Stella'),
(264, 2, 'Stz'),
(265, 2, 'Sundiro'),
(266, 2, 'Suzuki'),
(267, 2, 'Swm'),
(268, 2, 'Sym'),
(269, 2, 'Tandirо'),
(270, 2, 'Tango'),
(271, 2, 'Tatran'),
(272, 2, 'Tauris'),
(273, 2, 'Tgb'),
(274, 2, 'Tm'),
(275, 2, 'Tomus'),
(276, 2, 'Tonaro'),
(277, 2, 'Triumph'),
(278, 2, 'Truva'),
(279, 2, 'Tula'),
(280, 2, 'Tzun'),
(281, 2, 'Ugbest'),
(282, 2, 'Ural'),
(283, 2, 'Vanetti'),
(284, 2, 'Vespa'),
(285, 2, 'Victory'),
(286, 2, 'Vromos'),
(287, 2, 'Wangye Tokimoto'),
(288, 2, 'Wt'),
(289, 2, 'Wuxi'),
(290, 2, 'Xingyu'),
(291, 2, 'Xingyue'),
(292, 2, 'Xinshun'),
(293, 2, 'Yamaha'),
(294, 2, 'Yawa'),
(295, 2, 'YCF'),
(296, 2, 'YIBEN'),
(297, 2, 'Yuki'),
(298, 2, 'Zongshen'),
(299, 2, 'Zundab'),
(300, 2, 'Аvо'),
(301, 2, 'Возход'),
(302, 2, 'Вятка'),
(303, 2, 'Днепър'),
(304, 2, 'Дунавия'),
(305, 2, 'Иж'),
(306, 2, 'Калинка'),
(307, 2, 'Ковровец'),
(308, 2, 'М-62'),
(309, 2, 'М-70'),
(310, 2, 'М-72'),
(311, 2, 'Минск'),
(312, 2, 'Пух'),
(313, 2, 'Урал'),
(314, 4, 'ACERBI'),
(315, 4, 'ADIGE'),
(316, 4, 'Astra'),
(317, 4, 'Avia'),
(318, 4, 'Barkas'),
(319, 4, 'Berna'),
(320, 4, 'Bmc'),
(321, 4, 'Carnehl'),
(322, 4, 'Citroen'),
(323, 4, 'Daf'),
(324, 4, 'Daimler'),
(325, 4, 'Dennis'),
(326, 4, 'DFSK'),
(327, 4, 'Dodge'),
(328, 4, 'Eduards'),
(329, 4, 'Erf'),
(330, 4, 'Fabela'),
(331, 4, 'Faun'),
(332, 4, 'Fedra'),
(333, 4, 'Fiat'),
(334, 4, 'Fliegl'),
(335, 4, 'Foden'),
(336, 4, 'Ford'),
(337, 4, 'Gaz'),
(338, 4, 'Ginaf'),
(339, 4, 'GOUPIL'),
(340, 4, 'Hanomag'),
(341, 4, 'Henshel'),
(342, 4, 'Hino'),
(343, 4, 'Hyundai'),
(344, 4, 'Ielch'),
(345, 4, 'Ifa'),
(346, 4, 'Ikarus'),
(347, 4, 'Inter'),
(348, 4, 'International'),
(349, 4, 'Isuzu'),
(350, 4, 'Iveco'),
(351, 4, 'Jum'),
(352, 4, 'Jumbo'),
(353, 4, 'Kamaz'),
(354, 4, 'Kia'),
(355, 4, 'King Long'),
(356, 4, 'Kraz'),
(357, 4, 'Langendorf'),
(358, 4, 'LECITRALER'),
(359, 4, 'Leiland'),
(360, 4, 'Liaz'),
(361, 4, 'Lider Trailer'),
(362, 4, 'Lt'),
(363, 4, 'Luaz'),
(364, 4, 'M & G'),
(365, 4, 'Mack'),
(366, 4, 'Magerus'),
(367, 4, 'Man'),
(368, 4, 'Man-vw'),
(369, 4, 'Maz'),
(370, 4, 'Mazda'),
(371, 4, 'Mega'),
(372, 4, 'Mercedes'),
(373, 4, 'Mini'),
(374, 4, 'MIROFRET'),
(375, 4, 'Mitsubishi'),
(376, 4, 'Montenegro'),
(377, 4, 'Nisa'),
(378, 4, 'Nissan'),
(379, 4, 'Om'),
(380, 4, 'OMSP'),
(381, 4, 'Opel'),
(382, 4, 'PANAV'),
(383, 4, 'Peugeot'),
(384, 4, 'Piaggio'),
(385, 4, 'Praga'),
(386, 4, 'Preslav'),
(387, 4, 'Raba'),
(388, 4, 'Renault'),
(389, 4, 'Robur'),
(390, 4, 'Rolfo'),
(391, 4, 'Roman'),
(392, 4, 'Rover'),
(393, 4, 'Scania'),
(394, 4, 'Schmitz'),
(395, 4, 'Schwartzmuller'),
(396, 4, 'Seat'),
(397, 4, 'Seres'),
(398, 4, 'Setra'),
(399, 4, 'Skoda'),
(400, 4, 'Steyr'),
(401, 4, 'STRASSER'),
(402, 4, 'Tatra'),
(403, 4, 'Terberg'),
(404, 4, 'Toyota'),
(405, 4, 'Trail'),
(406, 4, 'Uaz'),
(407, 4, 'Ural'),
(408, 4, 'Volvo'),
(409, 4, 'Vw'),
(410, 4, 'Zastava'),
(411, 4, 'Zil'),
(412, 4, 'Цистерна'),
(413, 4, 'Чавдар'),
(414, 5, 'ABI'),
(415, 5, 'Adria'),
(416, 5, 'Ahorn'),
(417, 5, 'Alcar'),
(418, 5, 'Alpha'),
(419, 5, 'Alpine'),
(420, 5, 'Arca'),
(421, 5, 'Autoroller'),
(422, 5, 'Autostar'),
(423, 5, 'Avento'),
(424, 5, 'Avondale'),
(425, 5, 'Award'),
(426, 5, 'Bastei'),
(427, 5, 'Bavaria-Camp'),
(428, 5, 'Bawemo'),
(429, 5, 'Benimar'),
(430, 5, 'Bergland'),
(431, 5, 'Beyerland'),
(432, 5, 'Bimobil'),
(433, 5, 'Buccaneer'),
(434, 5, 'Burow'),
(435, 5, 'Bursner'),
(436, 5, 'Burstner'),
(437, 5, 'CA-MO-CAR'),
(438, 5, 'Carado'),
(439, 5, 'Caravelair'),
(440, 5, 'Caro'),
(441, 5, 'Carthago'),
(442, 5, 'Challenger'),
(443, 5, 'Chateau'),
(444, 5, 'Chausson'),
(445, 5, 'CI International'),
(446, 5, 'Citroen'),
(447, 5, 'Coachmen'),
(448, 5, 'Concorde'),
(449, 5, 'Cristall'),
(450, 5, 'CS Reisemobile'),
(451, 5, 'Daystar'),
(452, 5, 'Dehler'),
(453, 5, 'Delta'),
(454, 5, 'Dethleffs'),
(455, 5, 'Due Erre'),
(456, 5, 'Eifelland'),
(457, 5, 'Elnagh'),
(458, 5, 'Eriba'),
(459, 5, 'Esterel'),
(460, 5, 'Euramobil'),
(461, 5, 'Euro Liner'),
(462, 5, 'EVM'),
(463, 5, 'Fendt'),
(464, 5, 'FFB - Tabbert'),
(465, 5, 'Fiat'),
(466, 5, 'Fleetwood'),
(467, 5, 'Ford'),
(468, 5, 'FR-Mobil'),
(469, 5, 'Frankia'),
(470, 5, 'GiottiLine'),
(471, 5, 'Granduca'),
(472, 5, 'Hehn'),
(473, 5, 'Heku'),
(474, 5, 'Hobby'),
(475, 5, 'Holiday Rambler'),
(476, 5, 'Hymer'),
(477, 5, 'Iveco'),
(478, 5, 'JOINT'),
(479, 5, 'Karmann'),
(480, 5, 'Keystone'),
(481, 5, 'Kip'),
(482, 5, 'Knaus'),
(483, 5, 'La Strada'),
(484, 5, 'Laika'),
(485, 5, 'LMC'),
(486, 5, 'Lunar'),
(487, 5, 'McLouis'),
(488, 5, 'Mercedes-Benz'),
(489, 5, 'Mirage'),
(490, 5, 'Mobilvetta'),
(491, 5, 'Monaco'),
(492, 5, 'Moncayo'),
(493, 5, 'Movera'),
(494, 5, 'Munsterland'),
(495, 5, 'Nordstar'),
(496, 5, 'Ormocar'),
(497, 5, 'P.L.A.'),
(498, 5, 'Peugeot'),
(499, 5, 'Phoenix'),
(500, 5, 'Pilote'),
(501, 5, 'Possl'),
(502, 5, 'Rapido'),
(503, 5, 'Reimo'),
(504, 5, 'Reisemobile Beier'),
(505, 5, 'Rimor'),
(506, 5, 'Riva'),
(507, 5, 'Riviera'),
(508, 5, 'RMB'),
(509, 5, 'Roadtrek'),
(510, 5, 'Robel-Mobil'),
(511, 5, 'Rockwood'),
(512, 5, 'Scania'),
(513, 5, 'Sea'),
(514, 5, 'Selbstbau'),
(515, 5, 'Shato'),
(516, 5, 'SLOOP'),
(517, 5, 'Sprite'),
(518, 5, 'Sterckeman'),
(519, 5, 'Subaru'),
(520, 5, 'SUNLIGHT'),
(521, 5, 'Sunroller'),
(522, 5, 'Tabbert'),
(523, 5, 'TEC'),
(524, 5, 'Tischer'),
(525, 5, 'Triple E'),
(526, 5, 'Vario'),
(527, 5, 'Vitesse'),
(528, 5, 'VW'),
(529, 5, 'Weinsberg'),
(530, 5, 'Weippert'),
(531, 5, 'Westfalia'),
(532, 5, 'Wilk'),
(533, 5, 'Winnebago'),
(534, 5, 'Woelcke')

SET IDENTITY_INSERT VehicleMakeValidation OFF

GO

SET IDENTITY_INSERT VehicleModelValidation ON
INSERT INTO VehicleModelValidation
(
	Id, 
	MakeId, 
	[Name]
)
VALUES
(1, 1, '181'),
(2, 1, 'Amarok'),
(3, 1, 'Arteon'),
(4, 1, 'Atlas'),
(5, 1, 'Beetle'),
(6, 1, 'Bora'),
(7, 1, 'Buggy'),
(8, 1, 'Caddy'),
(9, 1, 'Caddy Kasten'),
(10, 1, 'Caddy Life'),
(11, 1, 'Caddy Maxi Kasten'),
(12, 1, 'Caddy Maxi Kombi'),
(13, 1, 'Caddy Maxi Life'),
(14, 1, 'Caravelle'),
(15, 1, 'CC'),
(16, 1, 'Corrado'),
(17, 1, 'Country'),
(18, 1, 'Crafter'),
(19, 1, 'Eos'),
(20, 1, 'Fox'),
(21, 1, 'Golf'),
(22, 1, 'Golf Plus'),
(23, 1, 'Golf Sportsvan'),
(24, 1, 'Golf Variant'),
(25, 1, 'Jetta'),
(26, 1, 'LT'),
(27, 1, 'Lupo'),
(28, 1, 'Multivan'),
(29, 1, 'New Beetle'),
(30, 1, 'Passat'),
(31, 1, 'Passat Alltrack'),
(32, 1, 'Passat CC'),
(33, 1, 'Passat Variant'),
(34, 1, 'Phaeton'),
(35, 1, 'Polo'),
(36, 1, 'Santana'),
(37, 1, 'Scirocco'),
(38, 1, 'Sharan'),
(39, 1, 'T4'),
(40, 1, 'T4 Caravelle'),
(41, 1, 'T4 Multivan'),
(42, 1, 'T5'),
(43, 1, 'T5 Multivan'),
(44, 1, 'Tiguan'),
(45, 1, 'Touareg'),
(46, 1, 'Touran'),
(47, 1, 'Transporter'),
(48, 1, 'Transporter Kombi'),
(49, 1, 'up!'),
(50, 1, 'Vento'),
(51, 2, '115'),
(52, 2, '123'),
(53, 2, '124'),
(54, 2, '126'),
(55, 2, '190'),
(56, 2, '200'),
(57, 2, '207'),
(58, 2, '210'),
(59, 2, '220'),
(60, 2, '230'),
(61, 2, '240'),
(62, 2, '250'),
(63, 2, '260'),
(64, 2, '270'),
(65, 2, '280'),
(66, 2, '290'),
(67, 2, '300'),
(68, 2, '320'),
(69, 2, '350'),
(70, 2, '380'),
(71, 2, '400'),
(72, 2, '412'),
(73, 2, '420'),
(74, 2, '450'),
(75, 2, '500'),
(76, 2, '560'),
(77, 2, 'A 45 AMG'),
(78, 2, 'A'),
(79, 2, 'A 140'),
(80, 2, 'A 150'),
(81, 2, 'A 160'),
(82, 2, 'A 170'),
(83, 2, 'A 180'),
(84, 2, 'A 190'),
(85, 2, 'A 200'),
(86, 2, 'A 210'),
(87, 2, 'A 220'),
(88, 2, 'A 250'),
(89, 2, 'A 250 AMG'),
(90, 2, 'B'),
(91, 2, 'B 150'),
(92, 2, 'B 170'),
(93, 2, 'B 180'),
(94, 2, 'B 200'),
(95, 2, 'C'),
(96, 2, 'C 160'),
(97, 2, 'C 180'),
(98, 2, 'C 200'),
(99, 2, 'C 220'),
(100, 2, 'C 230'),
(101, 2, 'C 240'),
(102, 2, 'C 250'),
(103, 2, 'C 270'),
(104, 2, 'C 280'),
(105, 2, 'C 30 AMG'),
(106, 2, 'C 300'),
(107, 2, 'C 32 AMG'),
(108, 2, 'C 320'),
(109, 2, 'C 350'),
(110, 2, 'C 400'),
(111, 2, 'C 43 AMG'),
(112, 2, 'C 55 AMG'),
(113, 2, 'C 63 AMG'),
(114, 2, 'CE 200'),
(115, 2, 'CE 220'),
(116, 2, 'Citan'),
(117, 2, 'CL 220'),
(118, 2, 'CL 420'),
(119, 2, 'CL 500'),
(120, 2, 'CL 55 AMG'),
(121, 2, 'CL 600'),
(122, 2, 'CL 63 AMG'),
(123, 2, 'CLA'),
(124, 2, 'CLA 220'),
(125, 2, 'CLA 45 AMG'),
(126, 2, 'CLC 180'),
(127, 2, 'CLC 200'),
(128, 2, 'CLC 220'),
(129, 2, 'CLC 230'),
(130, 2, 'CLK 200'),
(131, 2, 'CLK 220'),
(132, 2, 'CLK 230'),
(133, 2, 'CLK 240'),
(134, 2, 'CLK 270'),
(135, 2, 'CLK 280'),
(136, 2, 'CLK 320'),
(137, 2, 'CLK 350'),
(138, 2, 'CLK 430'),
(139, 2, 'CLK 500'),
(140, 2, 'CLK 55 AMG'),
(141, 2, 'CLS'),
(142, 2, 'CLS 250'),
(143, 2, 'CLS 320'),
(144, 2, 'CLS 350'),
(145, 2, 'CLS 400'),
(146, 2, 'CLS 450'),
(147, 2, 'CLS 500'),
(148, 2, 'CLS 55 AMG'),
(149, 2, 'CLS 63 AMG'),
(150, 2, 'E 200'),
(151, 2, 'E 220'),
(152, 2, 'E 230'),
(153, 2, 'E 240'),
(154, 2, 'E 250'),
(155, 2, 'E 260'),
(156, 2, 'E 270'),
(157, 2, 'E 280'),
(158, 2, 'E 290'),
(159, 2, 'E 300'),
(160, 2, 'E 320'),
(161, 2, 'E 350'),
(162, 2, 'E 400'),
(163, 2, 'E 420'),
(164, 2, 'E 43 AMG'),
(165, 2, 'E 430'),
(166, 2, 'E 50'),
(167, 2, 'E 500'),
(168, 2, 'E 53 AMG'),
(169, 2, 'E 55'),
(170, 2, 'E 63 AMG'),
(171, 2, 'G'),
(172, 2, 'G 230'),
(173, 2, 'G 250'),
(174, 2, 'G 270'),
(175, 2, 'G 280'),
(176, 2, 'G 300'),
(177, 2, 'G 320'),
(178, 2, 'G 350'),
(179, 2, 'G 400'),
(180, 2, 'G 500'),
(181, 2, 'G 55 AMG'),
(182, 2, 'G 63 AMG'),
(183, 2, 'G 65 AMG'),
(184, 2, 'GL'),
(185, 2, 'GL 320'),
(186, 2, 'GL 350'),
(187, 2, 'GL 420'),
(188, 2, 'GL 450'),
(189, 2, 'GL 500'),
(190, 2, 'GL 55 AMG'),
(191, 2, 'GL 63 AMG'),
(192, 2, 'GLA'),
(193, 2, 'GLB'),
(194, 2, 'GLC'),
(195, 2, 'GLE'),
(196, 2, 'GLK'),
(197, 2, 'GLK 220'),
(198, 2, 'GLK 250'),
(199, 2, 'GLK 280'),
(200, 2, 'GLK 320'),
(201, 2, 'GLK 350'),
(202, 2, 'GLS'),
(203, 2, 'GT'),
(204, 2, 'GTR'),
(205, 2, 'GTS'),
(206, 2, 'MB 100'),
(207, 2, 'ML 300'),
(208, 2, 'ML'),
(209, 2, 'ML 230'),
(210, 2, 'ML 250'),
(211, 2, 'ML 270'),
(212, 2, 'ML 280'),
(213, 2, 'ML 320'),
(214, 2, 'ML 350'),
(215, 2, 'ML 400'),
(216, 2, 'ML 420'),
(217, 2, 'ML 430'),
(218, 2, 'ML 450'),
(219, 2, 'ML 500'),
(220, 2, 'ML 55 AMG'),
(221, 2, 'ML 63 AMG'),
(222, 2, 'R'),
(223, 2, 'R 280'),
(224, 2, 'R 320'),
(225, 2, 'R 350'),
(226, 2, 'R 500'),
(227, 2, 'S'),
(228, 2, 'S 260'),
(229, 2, 'S 280'),
(230, 2, 'S 300'),
(231, 2, 'S 320'),
(232, 2, 'S 350'),
(233, 2, 'S 400'),
(234, 2, 'S 420'),
(235, 2, 'S 430'),
(236, 2, 'S 450'),
(237, 2, 'S 500'),
(238, 2, 'S 55'),
(239, 2, 'S 550'),
(240, 2, 'S 560'),
(241, 2, 'S 600'),
(242, 2, 'S 63 AMG'),
(243, 2, 'S 65 AMG'),
(244, 2, 'SL 280'),
(245, 2, 'SL 300'),
(246, 2, 'SL 320'),
(247, 2, 'SL 350'),
(248, 2, 'SL 380'),
(249, 2, 'SL 420'),
(250, 2, 'SL 500'),
(251, 2, 'SL 560'),
(252, 2, 'SL 63 AMG'),
(253, 2, 'SL 65 AMG'),
(254, 2, 'SLK'),
(255, 2, 'SLK 200'),
(256, 2, 'SLK 230'),
(257, 2, 'SLK 250'),
(258, 2, 'SLK 280'),
(259, 2, 'SLK 320'),
(260, 2, 'SLK 350'),
(261, 2, 'SLK 55 AMG'),
(262, 2, 'SLS'),
(263, 2, 'Sprinter'),
(264, 2, 'V 220'),
(265, 2, 'V 250'),
(266, 2, 'Vaneo'),
(267, 2, 'Viano'),
(268, 2, 'Vito'),
(269, 2, 'W123'),
(270, 2, 'W124'),
(271, 2, 'X 350'),
(272, 2, 'X 250'),
(273, 3, '114'),
(274, 3, '116'),
(275, 3, '118'),
(276, 3, '120'),
(277, 3, '123'),
(278, 3, '125'),
(279, 3, '128'),
(280, 3, '130'),
(281, 3, '135'),
(282, 3, '2 Gran Tourer'),
(283, 3, '216'),
(284, 3, '218'),
(285, 3, '220'),
(286, 3, '228'),
(287, 3, '3 Gran Turismo'),
(288, 3, '315'),
(289, 3, '316'),
(290, 3, '318'),
(291, 3, '320'),
(292, 3, '323'),
(293, 3, '324'),
(294, 3, '325'),
(295, 3, '328'),
(296, 3, '330'),
(297, 3, '335'),
(298, 3, '340'),
(299, 3, '418'),
(300, 3, '420'),
(301, 3, '428'),
(302, 3, '430'),
(303, 3, '435'),
(304, 3, '435i'),
(305, 3, '5 Gran Turismo'),
(306, 3, '518'),
(307, 3, '520'),
(308, 3, '523'),
(309, 3, '524'),
(310, 3, '525'),
(311, 3, '528'),
(312, 3, '530'),
(313, 3, '535'),
(314, 3, '540'),
(315, 3, '545'),
(316, 3, '550'),
(317, 3, '630'),
(318, 3, '635'),
(319, 3, '640'),
(320, 3, '645'),
(321, 3, '650'),
(322, 3, '725'),
(323, 3, '728'),
(324, 3, '730'),
(325, 3, '735'),
(326, 3, '740'),
(327, 3, '745'),
(328, 3, '750'),
(329, 3, '750IL'),
(330, 3, '760'),
(331, 3, '840'),
(332, 3, '850'),
(333, 3, 'Alpina B3'),
(334, 3, 'Gran Coupe'),
(335, 3, 'i3'),
(336, 3, 'i8'),
(337, 3, 'M135i'),
(338, 3, 'M2'),
(339, 3, 'M235i'),
(340, 3, 'M3'),
(341, 3, 'M4'),
(342, 3, 'M5'),
(343, 3, 'M6'),
(344, 3, 'M8'),
(345, 3, 'X5 M'),
(346, 3, 'X6 M'),
(347, 3, 'Z4 M'),
(348, 3, 'X1'),
(349, 3, 'X2'),
(350, 3, 'X3'),
(351, 3, 'X4'),
(352, 3, 'X5'),
(353, 3, 'X6'),
(354, 3, 'X7'),
(355, 3, 'Z3'),
(356, 3, 'Z4'),
(357, 4, 'Adam'),
(358, 4, 'Admiral'),
(359, 4, 'Agila'),
(360, 4, 'Ampera'),
(361, 4, 'Antara'),
(362, 4, 'Arena'),
(363, 4, 'Ascona'),
(364, 4, 'Astra'),
(365, 4, 'Calibra'),
(366, 4, 'Campo'),
(367, 4, 'Cascada'),
(368, 4, 'Combo'),
(369, 4, 'Corsa'),
(370, 4, 'Crossland X'),
(371, 4, 'Frontera'),
(372, 4, 'Grandland X'),
(373, 4, 'GT'),
(374, 4, 'Insignia'),
(375, 4, 'Kadett'),
(376, 4, 'Karl'),
(377, 4, 'Manta'),
(378, 4, 'Meriva'),
(379, 4, 'Mokka'),
(380, 4, 'Monterey'),
(381, 4, 'Monza'),
(382, 4, 'Movano'),
(383, 4, 'Omega'),
(384, 4, 'Rekord'),
(385, 4, 'Senator'),
(386, 4, 'Signum'),
(387, 4, 'Sintra'),
(388, 4, 'Tigra'),
(389, 4, 'Vectra'),
(390, 4, 'Vivaro'),
(391, 4, 'Zafira'),
(392, 4, 'Zafira Tourer'),
(393, 5, '100'),
(394, 5, '80'),
(395, 5, '90'),
(396, 5, 'A1'),
(397, 5, 'A1 Sportback'),
(398, 5, 'A2'),
(399, 5, 'A3'),
(400, 5, 'A3 Sportback'),
(401, 5, 'A4'),
(402, 5, 'A4 Allroad'),
(403, 5, 'A4 Avant'),
(404, 5, 'A5'),
(405, 5, 'A5 Sportback'),
(406, 5, 'A6'),
(407, 5, 'A6 Allroad'),
(408, 5, 'A6 Avant'),
(409, 5, 'A7'),
(410, 5, 'A7 Sportback'),
(411, 5, 'A8'),
(412, 5, 'Allroad'),
(413, 5, 'Q2'),
(414, 5, 'Q3'),
(415, 5, 'Q3 Sportback'),
(416, 5, 'Q5'),
(417, 5, 'Q7'),
(418, 5, 'Q8'),
(419, 5, 'R8'),
(420, 5, 'RS2'),
(421, 5, 'RS3'),
(422, 5, 'RS3 Sportback'),
(423, 5, 'RS4'),
(424, 5, 'RS5'),
(425, 5, 'RS6'),
(426, 5, 'RS6 Avant'),
(427, 5, 'RS7'),
(428, 5, 'RS7 Sportback'),
(429, 5, 'RSQ3'),
(430, 5, 'RSQ8'),
(431, 5, 'S1'),
(432, 5, 'S2'),
(433, 5, 'S3'),
(434, 5, 'S3 Sportback'),
(435, 5, 'S4'),
(436, 5, 'S5'),
(437, 5, 'S5 Sportback'),
(438, 5, 'S6'),
(439, 5, 'S7'),
(440, 5, 'S7 Sportback'),
(441, 5, 'S8'),
(442, 5, 'SQ5'),
(443, 5, 'SQ7'),
(444, 5, 'SQ8'),
(445, 5, 'TT'),
(446, 5, 'TT Roadster'),
(447, 5, 'V8'),
(448, 6, '1007'),
(449, 6, '104'),
(450, 6, '106'),
(451, 6, '107'),
(452, 6, '108'),
(453, 6, '2008'),
(454, 6, '204'),
(455, 6, '205'),
(456, 6, '206'),
(457, 6, '206 CC'),
(458, 6, '206 Plus'),
(459, 6, '207'),
(460, 6, '207 CC'),
(461, 6, '207 SW'),
(462, 6, '208'),
(463, 6, '3008'),
(464, 6, '301'),
(465, 6, '305'),
(466, 6, '306'),
(467, 6, '307'),
(468, 6, '307 CC'),
(469, 6, '307 SW'),
(470, 6, '308'),
(471, 6, '308 CC'),
(472, 6, '308 SW'),
(473, 6, '309'),
(474, 6, '4007'),
(475, 6, '4008'),
(476, 6, '404'),
(477, 6, '405'),
(478, 6, '406'),
(479, 6, '407'),
(480, 6, '5008'),
(481, 6, '504'),
(482, 6, '505'),
(483, 6, '508'),
(484, 6, '508 RXH'),
(485, 6, '508 SW'),
(486, 6, '604'),
(487, 6, '605'),
(488, 6, '607'),
(489, 6, '806'),
(490, 6, '807'),
(491, 6, 'Bipper'),
(492, 6, 'Boxer'),
(493, 6, 'Expert'),
(494, 6, 'iOn'),
(495, 6, 'P4'),
(496, 6, 'Partner'),
(497, 6, 'Ranch'),
(498, 6, 'RCZ'),
(499, 6, 'Rifter'),
(500, 6, 'Traveller'),
(501, 7, '10'),
(502, 7, '11'),
(503, 7, '19'),
(504, 7, '21'),
(505, 7, '25'),
(506, 7, '4'),
(507, 7, '5'),
(508, 7, '9'),
(509, 7, 'Avantime'),
(510, 7, 'Captur'),
(511, 7, 'Chamade'),
(512, 7, 'Clio'),
(513, 7, 'Espace'),
(514, 7, 'Express'),
(515, 7, 'Fluence'),
(516, 7, 'Fuego'),
(517, 7, 'Grand Espace'),
(518, 7, 'Grand Modus'),
(519, 7, 'Grand Scenic'),
(520, 7, 'Kadjar'),
(521, 7, 'Kangoo'),
(522, 7, 'Koleos'),
(523, 7, 'Laguna'),
(524, 7, 'Latitude'),
(525, 7, 'Master'),
(526, 7, 'Megane'),
(527, 7, 'Modus'),
(528, 7, 'Rapid'),
(529, 7, 'Safrane'),
(530, 7, 'Scenic'),
(531, 7, 'Symbol'),
(532, 7, 'Talisman'),
(533, 7, 'Trafic'),
(534, 7, 'Twingo'),
(535, 7, 'Twizy'),
(536, 7, 'Vel Satis'),
(537, 7, 'Wind'),
(538, 7, 'Zoe'),
(539, 8, 'Bronco'),
(540, 8, 'Capri'),
(541, 8, 'Connect'),
(542, 8, 'Cougar'),
(543, 8, 'Courier'),
(544, 8, 'EcoSport'),
(545, 8, 'Edge'),
(546, 8, 'Escape'),
(547, 8, 'Escort'),
(548, 8, 'Expedition'),
(549, 8, 'Explorer'),
(550, 8, 'F 150'),
(551, 8, 'F 250'),
(552, 8, 'F 350'),
(553, 8, 'Fiesta'),
(554, 8, 'Focus'),
(555, 8, 'Fusion'),
(556, 8, 'Galaxy'),
(557, 8, 'Granada'),
(558, 8, 'Ka'),
(559, 8, 'Kuga'),
(560, 8, 'Maverick'),
(561, 8, 'Mondeo'),
(562, 8, 'Mustang'),
(563, 8, 'Orion'),
(564, 8, 'Probe'),
(565, 8, 'Puma'),
(566, 8, 'Ranger'),
(567, 8, 'Scorpio'),
(568, 8, 'Sierra'),
(569, 8, 'Streetka'),
(570, 8, 'Taunus'),
(571, 8, 'Taurus'),
(572, 8, 'Thunderbird'),
(573, 8, 'Tourneo'),
(574, 8, 'Transit'),
(575, 9, 'Auris'),
(576, 9, 'Avensis'),
(577, 9, 'Avensis Verso'),
(578, 9, 'Aygo'),
(579, 9, 'Camry'),
(580, 9, 'Carina'),
(581, 9, 'Celica'),
(582, 9, 'Corolla'),
(583, 9, 'Corolla Verso'),
(584, 9, 'Crown'),
(585, 9, 'FJ'),
(586, 9, 'GT86'),
(587, 9, 'Hiace'),
(588, 9, 'Highlander'),
(589, 9, 'Hilux'),
(590, 9, 'IQ'),
(591, 9, 'Land Cruiser'),
(592, 9, 'MR 2'),
(593, 9, 'Paseo'),
(594, 9, 'Picnic'),
(595, 9, 'Previa'),
(596, 9, 'Prius'),
(597, 9, 'Proace'),
(598, 9, 'RAV 4'),
(599, 9, 'Scion'),
(600, 9, 'Sequoia'),
(601, 9, 'Sienna'),
(602, 9, 'Soarer'),
(603, 9, 'Starlet'),
(604, 9, 'Supra'),
(605, 9, 'Tacoma'),
(606, 9, 'Tercel'),
(607, 9, 'Tundra'),
(608, 9, 'Urban Cruiser'),
(609, 9, 'Venza'),
(610, 9, 'Verso'),
(611, 9, 'Yaris'),
(612, 10, '2 CV'),
(613, 10, 'AX'),
(614, 10, 'Berlingo'),
(615, 10, 'BerlingoFT'),
(616, 10, 'BX'),
(617, 10, 'C1'),
(618, 10, 'C15'),
(619, 10, 'C2'),
(620, 10, 'C3'),
(621, 10, 'C3 Aircross'),
(622, 10, 'C3 Picasso'),
(623, 10, 'C4'),
(624, 10, 'C4 Aircross'),
(625, 10, 'C4 Cactus'),
(626, 10, 'C4 NEW'),
(627, 10, 'C4 Picasso'),
(628, 10, 'C5'),
(629, 10, 'C5 Aircross'),
(630, 10, 'C5 NEW'),
(631, 10, 'C6'),
(632, 10, 'C8'),
(633, 10, 'DS3'),
(634, 10, 'DS4'),
(635, 10, 'DS5'),
(636, 10, 'Evasion'),
(637, 10, 'Grand C4 Picasso'),
(638, 10, 'Jumper'),
(639, 10, 'Jumper II'),
(640, 10, 'Jumpy'),
(641, 10, 'Jumpy II'),
(642, 10, 'Nemo'),
(643, 10, 'SAXO'),
(644, 10, 'SM'),
(645, 10, 'Visa'),
(646, 10, 'Xantia'),
(647, 10, 'XM'),
(648, 10, 'Xsara'),
(649, 10, 'Xsara Picasso'),
(650, 10, 'ZX'),
(651, 11, '1100'),
(652, 11, '125'),
(653, 11, '126'),
(654, 11, '127'),
(655, 11, '131'),
(656, 11, '1500'),
(657, 11, '500'),
(658, 11, '500L'),
(659, 11, '500X'),
(660, 11, '595C'),
(661, 11, 'Albea'),
(662, 11, 'Barchetta'),
(663, 11, 'Brava'),
(664, 11, 'Bravo'),
(665, 11, 'Campagnola'),
(666, 11, 'Cinquecento'),
(667, 11, 'Coupe'),
(668, 11, 'Croma'),
(669, 11, 'Dino'),
(670, 11, 'Doblo'),
(671, 11, 'Ducato'),
(672, 11, 'Fiorino'),
(673, 11, 'Freemont'),
(674, 11, 'Grande Punto'),
(675, 11, 'Idea'),
(676, 11, 'Linea'),
(677, 11, 'Marea'),
(678, 11, 'Multipla'),
(679, 11, 'Palio'),
(680, 11, 'Panda'),
(681, 11, 'Punto'),
(682, 11, 'Qubo'),
(683, 11, 'Regata'),
(684, 11, 'Ritmo'),
(685, 11, 'Scudo'),
(686, 11, 'Sedici'),
(687, 11, 'Seicento'),
(688, 11, 'Spider Europa'),
(689, 11, 'Stilo'),
(690, 11, 'Strada'),
(691, 11, 'Tempra'),
(692, 11, 'Tipo'),
(693, 11, 'Ulysse'),
(694, 11, 'Uno'),
(695, 12, '121'),
(696, 12, '2'),
(697, 12, '3'),
(698, 12, '323'),
(699, 12, '5'),
(700, 12, '5 NEW'),
(701, 12, '6'),
(702, 12, '6 NEW'),
(703, 12, '626'),
(704, 12, '929'),
(705, 12, 'B series'),
(706, 12, 'CX 3'),
(707, 12, 'CX 5'),
(708, 12, 'CX 7'),
(709, 12, 'CX 9'),
(710, 12, 'Demio'),
(711, 12, 'MPV'),
(712, 12, 'Premacy'),
(713, 12, 'Tribute'),
(714, 12, 'Xedos'),
(715, 13, '100 NX'),
(716, 13, '350 Z'),
(717, 13, '370 Z'),
(718, 13, 'Almera'),
(719, 13, 'Almera Tino'),
(720, 13, 'Altima'),
(721, 13, 'Bluebird'),
(722, 13, 'Cargo'),
(723, 13, 'Cherry'),
(724, 13, 'Cube'),
(725, 13, 'Frontier'),
(726, 13, 'GTR'),
(727, 13, 'Juke'),
(728, 13, 'King Cab'),
(729, 13, 'Kubistar'),
(730, 13, 'Leaf'),
(731, 13, 'Maxima'),
(732, 13, 'Micra'),
(733, 13, 'Murano'),
(734, 13, 'Navara'),
(735, 13, 'Note'),
(736, 13, 'NP300'),
(737, 13, 'NV 200'),
(738, 13, 'Pathfinder'),
(739, 13, 'Patrol'),
(740, 13, 'PickUP'),
(741, 13, 'Pixo'),
(742, 13, 'Prairie'),
(743, 13, 'Primastar'),
(744, 13, 'Primera'),
(745, 13, 'Pulsar'),
(746, 13, 'Qashqai'),
(747, 13, 'Quest'),
(748, 13, 'Rogue'),
(749, 13, 'Serena'),
(750, 13, 'Silvia'),
(751, 13, 'Skyline'),
(752, 13, 'Sunny'),
(753, 13, 'Terrano'),
(754, 13, 'Tiida'),
(755, 13, 'Titan'),
(756, 13, 'Trade'),
(757, 13, 'Vanette'),
(758, 14, 'Accord'),
(759, 14, 'Aerodeck'),
(760, 14, 'Civic'),
(761, 14, 'Concerto'),
(762, 14, 'CRX'),
(763, 14, 'Element'),
(764, 14, 'Insight'),
(765, 14, 'Integra'),
(766, 14, 'Jazz'),
(767, 14, 'Legend'),
(768, 14, 'Logo'),
(769, 14, 'Odyssey'),
(770, 14, 'Pilot'),
(771, 14, 'Prelude'),
(772, 14, 'Ridgeline'),
(773, 14, 'S2000'),
(774, 14, 'Shuttle'),
(775, 14, 'Stream'),
(776, 15, 'Alhambra'),
(777, 15, 'Altea'),
(778, 15, 'Arona'),
(779, 15, 'Arosa'),
(780, 15, 'Ateca'),
(781, 15, 'Cordoba'),
(782, 15, 'Exeo'),
(783, 15, 'Ibiza'),
(784, 15, 'Inca'),
(785, 15, 'Leon'),
(786, 15, 'Leon ST'),
(787, 15, 'Marbella'),
(788, 15, 'Mii'),
(789, 15, 'Tarraco'),
(790, 15, 'Terra'),
(791, 15, 'Toledo'),
(792, 15, 'Vario'),
(793, 16, '105'),
(794, 16, '120'),
(795, 16, '130'),
(796, 16, 'Citigo'),
(797, 16, 'Fabia'),
(798, 16, 'Favorit'),
(799, 16, 'Felicia'),
(800, 16, 'Forman'),
(801, 16, 'Karoq'),
(802, 16, 'Kodiaq'),
(803, 16, 'Octavia'),
(804, 16, 'Praktik'),
(805, 16, 'Rapid'),
(806, 16, 'Roomster'),
(807, 16, 'Superb'),
(808, 16, 'Yeti'),
(809, 17, '3000 GT'),
(810, 17, 'ASX'),
(811, 17, 'Carisma'),
(812, 17, 'Colt'),
(813, 17, 'Diamante'),
(814, 17, 'Eclipse'),
(815, 17, 'Eclipse Cross'),
(816, 17, 'Galant'),
(817, 17, 'Grandis'),
(818, 17, 'L200'),
(819, 17, 'L300'),
(820, 17, 'L400'),
(821, 17, 'Lancer'),
(822, 17, 'Mirage'),
(823, 17, 'Montero'),
(824, 17, 'Outlander'),
(825, 17, 'Pajero'),
(826, 17, 'Pajero Pinin'),
(827, 17, 'Pajero Sport'),
(828, 17, 'Space Gear'),
(829, 17, 'Space Runner'),
(830, 17, 'Space Star'),
(831, 17, 'Space Wagon'),
(832, 17, 'Tredia'),
(833, 18, 'Accent'),
(834, 18, 'Atos'),
(835, 18, 'Coupe'),
(836, 18, 'Elantra'),
(837, 18, 'Galloper'),
(838, 18, 'Genesis'),
(839, 18, 'Getz'),
(840, 18, 'Grand Santa Fe'),
(841, 18, 'Grandeur'),
(842, 18, 'H 200'),
(843, 18, 'i10'),
(844, 18, 'i20'),
(845, 18, 'i30'),
(846, 18, 'i30 CW'),
(847, 18, 'i40'),
(848, 18, 'Ioniq'),
(849, 18, 'ix20'),
(850, 18, 'ix35'),
(851, 18, 'ix55'),
(852, 18, 'Kona'),
(853, 18, 'Lantra'),
(854, 18, 'Matrix'),
(855, 18, 'Pony'),
(856, 18, 'Santa Fe'),
(857, 18, 'Santamo'),
(858, 18, 'Sonata'),
(859, 18, 'Terracan'),
(860, 18, 'Trajet'),
(861, 18, 'Tucson'),
(862, 18, 'Veloster'),
(863, 18, 'XG 30'),
(864, 19, 'Avella Delta'),
(865, 19, 'Cadenza'),
(866, 19, 'Carens'),
(867, 19, 'Carnival'),
(868, 19, 'Ceed'),
(869, 19, 'Cerato'),
(870, 19, 'Clarus'),
(871, 19, 'Joice'),
(872, 19, 'K 5'),
(873, 19, 'Magentis'),
(874, 19, 'Niro'),
(875, 19, 'Opirus'),
(876, 19, 'Optima'),
(877, 19, 'Picanto'),
(878, 19, 'Pregio'),
(879, 19, 'Pride'),
(880, 19, 'Retona'),
(881, 19, 'Rio'),
(882, 19, 'Rocsta'),
(883, 19, 'Sedona'),
(884, 19, 'Sephia'),
(885, 19, 'Shuma'),
(886, 19, 'Sorento'),
(887, 19, 'Soul'),
(888, 19, 'Sportage'),
(889, 19, 'Stinger'),
(890, 19, 'Stonic'),
(891, 19, 'Venga'),
(892, 20, 'B9 Tribeca'),
(893, 20, 'Baja'),
(894, 20, 'BRZ'),
(895, 20, 'Forester'),
(896, 20, 'Impreza'),
(897, 20, 'Justy'),
(898, 20, 'Legacy'),
(899, 20, 'Levorg'),
(900, 20, 'Libero'),
(901, 20, 'OUTBACK'),
(902, 20, 'SVX'),
(903, 20, 'Trezia'),
(904, 20, 'Vivio'),
(905, 20, 'WRX'),
(906, 20, 'XT'),
(907, 20, 'XV'),
(908, 21, '240'),
(909, 21, '244'),
(910, 21, '245'),
(911, 21, '340'),
(912, 21, '360'),
(913, 21, '440'),
(914, 21, '460'),
(915, 21, '480'),
(916, 21, '740'),
(917, 21, '850'),
(918, 21, '940'),
(919, 21, '960'),
(920, 21, '965'),
(921, 21, 'C30'),
(922, 21, 'C70'),
(923, 21, 'S40'),
(924, 21, 'S60'),
(925, 21, 'S70'),
(926, 21, 'S80'),
(927, 21, 'S90'),
(928, 21, 'V40'),
(929, 21, 'V50'),
(930, 21, 'V60'),
(931, 21, 'V70'),
(932, 21, 'V90'),
(933, 21, 'XC 40'),
(934, 21, 'XC 60'),
(935, 21, 'XC 70'),
(936, 21, 'XC 90'),
(937, 22, 'Alto'),
(938, 22, 'Baleno'),
(939, 22, 'Cappuccino'),
(940, 22, 'Carry'),
(941, 22, 'Celerio'),
(942, 22, 'Grand Vitara'),
(943, 22, 'Ignis'),
(944, 22, 'Jimny'),
(945, 22, 'Kizashi'),
(946, 22, 'Liana'),
(947, 22, 'Maruti'),
(948, 22, 'SJ Samurai'),
(949, 22, 'Splash'),
(950, 22, 'Swift'),
(951, 22, 'SX4'),
(952, 22, 'Vitara'),
(953, 22, 'XL7'),
(954, 23, '145'),
(955, 23, '146'),
(956, 23, '147'),
(957, 23, '155'),
(958, 23, '156'),
(959, 23, '156 Sportwagon'),
(960, 23, '159'),
(961, 23, '159 SW'),
(962, 23, '164'),
(963, 23, '166'),
(964, 23, '33'),
(965, 23, 'Arna'),
(966, 23, 'Brera'),
(967, 23, 'Crosswagon'),
(968, 23, 'Giulia'),
(969, 23, 'Giulietta'),
(970, 23, 'GT'),
(971, 23, 'GTV'),
(972, 23, 'MiTo'),
(973, 23, 'Spider'),
(974, 23, 'Stelvio'),
(975, 24, 'Avalanche'),
(976, 24, 'Aveo'),
(977, 24, 'Beretta'),
(978, 24, 'Blazer'),
(979, 24, 'Camaro'),
(980, 24, 'Captiva'),
(981, 24, 'Cobalt'),
(982, 24, 'Corvette'),
(983, 24, 'Cruze'),
(984, 24, 'El Camino'),
(985, 24, 'Epica'),
(986, 24, 'Equinox'),
(987, 24, 'Evanda'),
(988, 24, 'G'),
(989, 24, 'HHR'),
(990, 24, 'Impala'),
(991, 24, 'K1500'),
(992, 24, 'Kalos'),
(993, 24, 'Lacetti'),
(994, 24, 'Lumina'),
(995, 24, 'Malibu'),
(996, 24, 'Matiz'),
(997, 24, 'Niva'),
(998, 24, 'Nubira'),
(999, 24, 'Orlando'),
(1000, 24, 'Rezzo'),
(1001, 24, 'Silverado'),
(1002, 24, 'Spark'),
(1003, 24, 'Tacuma'),
(1004, 24, 'Tahoe'),
(1005, 24, 'Trailblazer'),
(1006, 24, 'Trans Sport'),
(1007, 24, 'Trax'),
(1008, 24, 'Venture'),
(1009, 24, 'Volt'),
(1010, 25, 'Defender'),
(1011, 25, 'Discovery'),
(1012, 25, 'Discovery 3'),
(1013, 25, 'Discovery Sport'),
(1014, 25, 'Freelander'),
(1015, 25, 'Land Rover I'),
(1016, 25, 'Land Rover II'),
(1017, 25, 'Land Rover III'),
(1018, 25, 'Range Rover'),
(1019, 25, 'Range Rover Evoque'),
(1020, 25, 'Range Rover Sport'),
(1021, 25, 'Range Rover Vogue'),
(1022, 25, 'Velar'),
(1023, 26, '1304'),
(1024, 26, 'Dokker'),
(1025, 26, 'Duster'),
(1026, 26, 'Lodgy'),
(1027, 26, 'Logan'),
(1028, 26, 'Nova'),
(1029, 26, 'Pick Up'),
(1030, 26, 'Sandero'),
(1031, 26, 'Solenza'),
(1032, 27, 'Cherokee'),
(1033, 27, 'Commander'),
(1034, 27, 'Compass'),
(1035, 27, 'Grand Cherokee'),
(1036, 27, 'Liberty'),
(1037, 27, 'Patriot'),
(1038, 27, 'Renegade'),
(1039, 27, 'Wrangler'),
(1040, 28, 'Dedra'),
(1041, 28, 'Delta'),
(1042, 28, 'Flavia'),
(1043, 28, 'Fulvia'),
(1044, 28, 'Kappa'),
(1045, 28, 'Lybra'),
(1046, 28, 'MUSA'),
(1047, 28, 'Phedra'),
(1048, 28, 'Thema'),
(1049, 28, 'Thesis'),
(1050, 28, 'Y'),
(1051, 28, 'Ypsilon'),
(1052, 28, 'Zeta'),
(1053, 29, 'Clubman'),
(1054, 29, 'Cooper'),
(1055, 29, 'Cooper S'),
(1056, 29, 'Countryman'),
(1057, 29, 'John Cooper Works'),
(1058, 29, 'ONE'),
(1059, 30, '300 M'),
(1060, 30, '300C'),
(1061, 30, 'Crossfire'),
(1062, 30, 'Grand Voyager'),
(1063, 30, 'Le Baron'),
(1064, 30, 'Neon'),
(1065, 30, 'New Yorker'),
(1066, 30, 'Pacifica'),
(1067, 30, 'PT Cruiser'),
(1068, 30, 'Saratoga'),
(1069, 30, 'Sebring'),
(1070, 30, 'Stratus'),
(1071, 30, 'Vision'),
(1072, 30, 'Voyager'),
(1073, 31, 'Applause'),
(1074, 31, 'Charade'),
(1075, 31, 'Cuore'),
(1076, 31, 'Freeclimber'),
(1077, 31, 'Gran Move'),
(1078, 31, 'Hijet'),
(1079, 31, 'MATERIA'),
(1080, 31, 'Move'),
(1081, 31, 'Sirion'),
(1082, 31, 'Terios'),
(1083, 31, 'TREVIS'),
(1084, 31, 'YRV'),
(1085, 32, 'ForFour'),
(1086, 32, 'ForTwo'),
(1087, 32, 'Mc'),
(1088, 32, 'Micro'),
(1089, 32, 'Roadster'),
(1090, 33, 'Damas'),
(1091, 33, 'Espero'),
(1092, 33, 'Evanda'),
(1093, 33, 'FSO'),
(1094, 33, 'Kalos'),
(1095, 33, 'Korando'),
(1096, 33, 'Lacetti'),
(1097, 33, 'Lanos'),
(1098, 33, 'Leganza'),
(1099, 33, 'Matiz'),
(1100, 33, 'Musso'),
(1101, 33, 'Nexia'),
(1102, 33, 'Nubira'),
(1103, 33, 'Racer'),
(1104, 33, 'Rezzo'),
(1105, 33, 'Super'),
(1106, 33, 'Tacuma'),
(1107, 33, 'Tico'),
(1108, 34, 'Actyon'),
(1109, 34, 'Korando'),
(1110, 34, 'Kyron'),
(1111, 34, 'MUSSO'),
(1112, 34, 'REXTON'),
(1113, 34, 'Rodius'),
(1114, 34, 'TIVOLI'),
(1115, 34, 'XLV'),
(1116, 35, '200'),
(1117, 35, '214'),
(1118, 35, '216'),
(1119, 35, '218'),
(1120, 35, '220'),
(1121, 35, '25'),
(1122, 35, '400'),
(1123, 35, '414'),
(1124, 35, '416'),
(1125, 35, '418'),
(1126, 35, '420'),
(1127, 35, '45'),
(1128, 35, '600'),
(1129, 35, '618'),
(1130, 35, '620'),
(1131, 35, '623'),
(1132, 35, '75'),
(1133, 35, '820'),
(1134, 35, 'Streetwise'),
(1135, 35, 'ZT'),
(1136, 36, '911'),
(1137, 36, '911 Carrera C2'),
(1138, 36, '924'),
(1139, 36, '928'),
(1140, 36, '968'),
(1141, 36, 'Boxster'),
(1142, 36, 'Boxter S'),
(1143, 36, 'Carrera'),
(1144, 36, 'Cayenne'),
(1145, 36, 'Macan'),
(1146, 36, 'Panamera'),
(1147, 36, 'Taycan'),
(1148, 37, 'Daimler'),
(1149, 37, 'E Type'),
(1150, 37, 'F Type'),
(1151, 37, 'MK II'),
(1152, 37, 'S Type'),
(1153, 37, 'X Type'),
(1154, 37, 'XE'),
(1155, 37, 'XF'),
(1156, 37, 'XJ'),
(1157, 37, 'XJ12'),
(1158, 37, 'XJ40'),
(1159, 37, 'XJ6'),
(1160, 37, 'XJ8'),
(1161, 37, 'XJR'),
(1162, 37, 'XK'),
(1163, 37, 'XKR'),
(1164, 38, '900'),
(1165, 38, '9000'),
(1166, 39, '1200'),
(1167, 39, '1300'),
(1168, 39, '1500'),
(1169, 39, '1600'),
(1170, 39, '2101'),
(1171, 39, '21011'),
(1172, 39, '21012'),
(1173, 39, '21013'),
(1174, 39, '2102'),
(1175, 39, '2103'),
(1176, 39, '2104'),
(1177, 39, '2105'),
(1178, 39, '21053'),
(1179, 39, '2106'),
(1180, 39, '21061'),
(1181, 39, '2107'),
(1182, 39, '2108'),
(1183, 39, '21093'),
(1184, 39, '2110'),
(1185, 39, 'Kalina'),
(1186, 39, 'Niva'),
(1187, 39, 'Oka'),
(1188, 39, 'Priora'),
(1189, 39, 'Samara'),
(1190, 39, 'Vesta'),
(1191, 40, 'CT 200h'),
(1192, 40, 'ES350'),
(1193, 40, 'GS'),
(1194, 40, 'GS300'),
(1195, 40, 'GS430'),
(1196, 40, 'GS450'),
(1197, 40, 'GX470'),
(1198, 40, 'IS200'),
(1199, 40, 'IS220'),
(1200, 40, 'IS250'),
(1201, 40, 'IS300'),
(1202, 40, 'LC500'),
(1203, 40, 'LS400'),
(1204, 40, 'LS430'),
(1205, 40, 'LS460'),
(1206, 40, 'LS500'),
(1207, 40, 'LS600'),
(1208, 40, 'LX450'),
(1209, 40, 'LX470'),
(1210, 40, 'LX570'),
(1211, 40, 'NX200'),
(1212, 40, 'NX300'),
(1213, 40, 'RC'),
(1214, 40, 'RX300'),
(1215, 40, 'RX330'),
(1216, 40, 'RX350'),
(1217, 40, 'RX400h'),
(1218, 40, 'RX450'),
(1219, 40, 'SC430'),
(1220, 40, 'UX'),
(1221, 41, 'EX'),
(1222, 41, 'FX'),
(1223, 41, 'G35'),
(1224, 41, 'G37'),
(1225, 41, 'M'),
(1226, 41, 'Q30'),
(1227, 41, 'Q50'),
(1228, 41, 'Q60'),
(1229, 41, 'Q70'),
(1230, 41, 'QX30'),
(1231, 41, 'QX50'),
(1232, 41, 'QX56'),
(1233, 41, 'QX60'),
(1234, 41, 'QX70'),
(1235, 41, 'QX80'),
(1236, 42, 'Avenger'),
(1237, 42, 'Caliber'),
(1238, 42, 'Challenger'),
(1239, 42, 'Charger'),
(1240, 42, 'Dakota'),
(1241, 42, 'Durango'),
(1242, 42, 'Grand Caravan'),
(1243, 42, 'Journey'),
(1244, 42, 'Magnum'),
(1245, 42, 'Neon'),
(1246, 42, 'Nitro'),
(1247, 42, 'RAM'),
(1248, 42, 'Stealth'),
(1249, 42, 'Stratus'),
(1250, 43, 'C20 R'),
(1251, 43, 'C30'),
(1252, 43, 'Hover Cuv'),
(1253, 43, 'Hover H3'),
(1254, 43, 'Hover H5'),
(1255, 43, 'Hover H6'),
(1256, 43, 'Safe'),
(1257, 43, 'Steed'),
(1258, 43, 'Steed 5'),
(1259, 43, 'Voleex C10'),
(1260, 44, 'Rodeo'),
(1261, 44, 'Trooper'),
(1262, 44, 'V Cross'),
(1263, 45, '2138'),
(1264, 45, '2140'),
(1265, 45, '2141'),
(1266, 45, '21412'),
(1267, 45, '403'),
(1268, 45, '407'),
(1269, 45, '408'),
(1270, 45, '412'),
(1271, 45, 'Aleko'),
(1272, 46, 'Discovery 4'),
(1273, 46, 'Evoque'),
(1274, 46, 'Freelander 2'),
(1275, 46, 'Range Rover'),
(1276, 46, 'Sport'),
(1277, 47, 'Model 3'),
(1278, 47, 'Model S'),
(1279, 47, 'Model X'),
(1280, 48, 'ATS'),
(1281, 48, 'BLC'),
(1282, 48, 'BLS'),
(1283, 48, 'CTS'),
(1284, 48, 'Deville'),
(1285, 48, 'Eldorado'),
(1286, 48, 'Escalade'),
(1287, 48, 'Fleetwood'),
(1288, 48, 'Seville'),
(1289, 48, 'SRX'),
(1290, 48, 'STS'),
(1291, 48, 'XLR'),
(1292, 49, 'Indica'),
(1293, 49, 'Indigo'),
(1294, 49, 'Mint'),
(1295, 49, 'Safari'),
(1296, 49, 'Telcoline'),
(1297, 49, 'Xenon'),
(1298, 50, '452'),
(1299, 50, '469'),
(1300, 50, '69'),
(1301, 51, 'Aventador'),
(1302, 51, 'Huracan'),
(1303, 51, 'Murcielago'),
(1304, 51, 'Urus'),
(1305, 52, '600'),
(1306, 52, '601'),
(1307, 52, 'Combi'),
(1308, 53, '353'),
(1309, 54, 'Bentayga'),
(1310, 54, 'Continental'),
(1311, 54, 'Flying Spur'),
(1312, 54, 'Mulsanne'),
(1313, 55, 'MGB'),
(1314, 55, 'MGF'),
(1315, 55, 'TF'),
(1316, 55, 'ZR'),
(1317, 55, 'ZS'),
(1318, 55, 'ZT'),
(1319, 56, 'Continental'),
(1320, 56, 'Mark'),
(1321, 56, 'MKX'),
(1322, 56, 'MKZ'),
(1323, 56, 'Navigator'),
(1324, 56, 'Town Car'),
(1325, 57, '1'),
(1326, 57, '2'),
(1327, 57, '3'),
(1328, 57, '5'),
(1329, 58, 'Ghibli'),
(1330, 58, 'Granturismo'),
(1331, 58, 'Granturismo S'),
(1332, 58, 'Levante'),
(1333, 58, 'Quattroporte'),
(1334, 59, '24'),
(1335, 59, 'M 21'),
(1336, 60, 'Fiero'),
(1337, 60, 'Firebird'),
(1338, 60, 'Solstice'),
(1339, 60, 'Trans Sport'),
(1340, 61, 'H1'),
(1341, 61, 'H2'),
(1342, 61, 'H3'),
(1343, 62, 'Bolero'),
(1344, 62, 'GOA'),
(1345, 62, 'KUV'),
(1346, 62, 'XUV'),
(1347, 63, '246'),
(1348, 63, '458'),
(1349, 63, '488'),
(1350, 63, '599 GTB'),
(1351, 63, 'California'),
(1352, 63, 'F8'),
(1353, 63, 'Portofino'),
(1354, 63, 'SF90 Stradale'),
(1355, 64, '21213'),
(1356, 65, '69'),
(1357, 66, 'Ghost'),
(1358, 66, 'Phantom'),
(1359, 66, 'Silver Shadow'),
(1360, 66, 'Silver Wraith'),
(1361, 67, '29L10'),
(1362, 67, '35'),
(1363, 67, '35c13'),
(1364, 67, '35s13'),
(1365, 67, 'Daily'),
(1366, 68, 'Century'),
(1367, 68, 'Electra'),
(1368, 68, 'Park Avenue'),
(1369, 68, 'Regal'),
(1370, 68, 'Rendezvous'),
(1371, 69, 'Integra'),
(1372, 69, 'MDX'),
(1373, 69, 'RSX'),
(1374, 69, 'TL'),
(1375, 70, 'Porter'),
(1376, 71, '968'),
(1377, 71, 'Tavria'),
(1378, 72, 'Rocsta'),
(1379, 73, 'Envoy'),
(1380, 73, 'Savana'),
(1381, 73, 'Sierra'),
(1382, 73, 'Yukon'),
(1383, 73, 'Yukon'),
(1384, 74, 'DS 3'),
(1385, 74, 'DS 5'),
(1386, 74, 'DS 7 Crossback'),
(1387, 75, 'DB11'),
(1388, 75, 'DBS'),
(1389, 75, 'V8 Vantage'),
(1390, 76, 'H2'),
(1391, 76, 'H6'),
(1392, 77, 'Bluebird'),
(1393, 77, 'Stanza'),
(1394, 78, '1100'),
(1395, 78, 'Murena'),
(1396, 79, '57'),
(1397, 79, '62'),
(1398, 80, 'Gt 55'),
(1399, 80, 'Yugo 45'),
(1400, 81, '33'),
(1401, 81, '461'),
(1402, 82, 'MA'),
(1403, 84, 'Ceo'),
(1404, 85, 'Princess'),
(1405, 86, 'tC'),
(1406, 87, 'Spitfire'),
(1407, 87, 'TR7'),
(1408, 88, '1000'),
(1409, 89, 'Omega'),
(1410, 90, 'Metro'),
(1411, 91, '223'),
(1412, 92, 'Elite'),
(1413, 93, 'D3'),
(1414, 94, '720S'),
(1415, 95, 'Series VI'),
(1416, 96, '250'),
(1417, 97, 'Monterey'),
(1418, 98, 'Vedette'),
(1419, 136, '0405'),
(1420, 136, '115'),
(1421, 136, '200'),
(1422, 136, '207'),
(1423, 136, '210'),
(1424, 136, '230'),
(1425, 136, '300'),
(1426, 136, '307'),
(1427, 136, '308'),
(1428, 136, '309'),
(1429, 136, '310'),
(1430, 136, '312'),
(1431, 136, '380'),
(1432, 136, '400'),
(1433, 136, '410'),
(1434, 136, '416'),
(1435, 136, '500'),
(1436, 136, '508'),
(1437, 136, '600'),
(1438, 136, '609'),
(1439, 136, 'MB 100'),
(1440, 136, 'Sprinter'),
(1441, 136, 'V 220'),
(1442, 136, 'V 230'),
(1443, 136, 'Vaneo'),
(1444, 136, 'Vario'),
(1445, 136, 'Viano'),
(1446, 136, 'Vito'),
(1447, 99, 'Caddy'),
(1448, 99, 'Caravelle'),
(1449, 99, 'Crafter'),
(1450, 99, 'Crafter Kasten'),
(1451, 99, 'Krafter DOKA'),
(1452, 99, 'Krafter EKA'),
(1453, 99, 'LT'),
(1454, 99, 'Multivan'),
(1455, 99, 'T1'),
(1456, 99, 'T2'),
(1457, 99, 'T3'),
(1458, 99, 'T3 Caravelle'),
(1459, 99, 'T3 Multivan'),
(1460, 99, 'T4'),
(1461, 99, 'T4 Caravelle'),
(1462, 99, 'T4 Multivan'),
(1463, 99, 'T5'),
(1464, 99, 'T5 Caravelle'),
(1465, 99, 'T5 Multivan'),
(1466, 99, 'Transporter'),
(1467, 99, 'Transporter Kombi'),
(1468, 100, 'Connect'),
(1469, 100, 'Econoline'),
(1470, 100, 'Expedition'),
(1471, 100, 'F 350'),
(1472, 100, 'Tourneo'),
(1473, 100, 'Transit'),
(1474, 101, '2.5'),
(1475, 101, '2.8'),
(1476, 101, '29L10'),
(1477, 101, '30-8'),
(1478, 101, '35'),
(1479, 101, '35-8'),
(1480, 101, '3510'),
(1481, 101, '3512'),
(1482, 101, '35c11'),
(1483, 101, '35c13'),
(1484, 101, '35c15'),
(1485, 101, '35s11'),
(1486, 101, '35s13'),
(1487, 101, '35s15'),
(1488, 101, '4010'),
(1489, 101, '4012'),
(1490, 101, '4510'),
(1491, 101, '4910'),
(1492, 101, '4912'),
(1493, 101, '5010'),
(1494, 101, '50s13'),
(1495, 101, '59-12'),
(1496, 101, '60-12'),
(1497, 101, '6510'),
(1498, 101, '6512'),
(1499, 101, '80'),
(1500, 101, 'Classic'),
(1501, 101, 'Daily'),
(1502, 101, 'Turbo'),
(1503, 102, '650'),
(1504, 102, 'Doblo'),
(1505, 102, 'Ducato'),
(1506, 102, 'Fiorino'),
(1507, 102, 'Scudo'),
(1508, 103, 'Mascott'),
(1509, 103, 'Master'),
(1510, 103, 'Trafic'),
(1511, 104, 'Bipper'),
(1512, 104, 'Boxer'),
(1513, 104, 'Expert'),
(1514, 104, 'J5'),
(1515, 104, 'Partner'),
(1516, 105, 'Berlingo'),
(1517, 105, 'C15'),
(1518, 105, 'C2'),
(1519, 105, 'C5'),
(1520, 105, 'Evasion'),
(1521, 105, 'Jumper'),
(1522, 105, 'Jumper II'),
(1523, 105, 'Jumper III'),
(1524, 105, 'Jumpy'),
(1525, 105, 'Jumpy II'),
(1526, 105, 'Nemo'),
(1527, 106, 'Arena'),
(1528, 106, 'Combo'),
(1529, 106, 'Movano'),
(1530, 106, 'Vivaro'),
(1531, 106, 'Zafira'),
(1532, 107, '100 NX'),
(1533, 107, '200 SX'),
(1534, 107, 'Cabstar'),
(1535, 107, 'Interstar'),
(1536, 107, 'Kubistar'),
(1537, 107, 'Navara'),
(1538, 107, 'NV 200'),
(1539, 107, 'PickUP'),
(1540, 107, 'Primastar'),
(1541, 107, 'Serena'),
(1542, 107, 'Trade'),
(1543, 107, 'Vanette'),
(1544, 108, 'H 100'),
(1545, 108, 'H 200'),
(1546, 108, 'H-1'),
(1547, 108, 'H-1 Starex'),
(1548, 109, 'Canter'),
(1549, 109, 'L300'),
(1550, 109, 'L400'),
(1551, 109, 'Pajero'),
(1552, 109, 'Space Gear'),
(1553, 110, 'Besta'),
(1554, 110, 'K2500'),
(1555, 110, 'K2700'),
(1556, 110, 'Pregio'),
(1557, 111, 'Dyna'),
(1558, 111, 'FJ'),
(1559, 111, 'Hiace'),
(1560, 111, 'Previa'),
(1561, 111, 'Proace'),
(1562, 111, 'Tundra'),
(1563, 112, 'Campo'),
(1564, 112, 'D-Max'),
(1565, 112, 'Midi'),
(1566, 112, 'Novo'),
(1567, 113, 'A500'),
(1568, 113, 'Nl202'),
(1569, 113, 'Smit'),
(1570, 114, 'Convoy'),
(1571, 114, 'Maxus'),
(1572, 115, '315 HD'),
(1573, 115, 'S 215 HD'),
(1574, 116, 'Libero'),
(1575, 117, '400'),
(1576, 117, 'Smit SB 3000'),
(1577, 118, '452'),
(1578, 118, '460'),
(1579, 118, '69'),
(1580, 119, 'N 416'),
(1581, 120, 'Futura'),
(1582, 120, 'Magic'),
(1583, 121, 'Ace'),
(1584, 121, 'Damas'),
(1585, 121, 'FSO'),
(1586, 122, '2310'),
(1587, 122, '69'),
(1588, 123, 'Charmant'),
(1589, 123, 'Hijet'),
(1590, 124, 'Chevy Van'),
(1591, 124, 'Express Passenger'),
(1592, 124, 'Venture'),
(1593, 125, 'Baleno'),
(1594, 125, 'Carry'),
(1595, 126, 'Safari'),
(1596, 126, 'Vandura'),
(1597, 127, 'Midi'),
(1598, 127, 'Rascal'),
(1599, 128, 'Vip'),
(1600, 129, 'Raf'),
(1601, 130, 'E series'),
(1602, 131, 'RAM'),
(1603, 132, 'Grand Voyager'),
(1604, 133, 'Terra'),
(1605, 134, 'Tourmalin'),
(1606, 135, '1.3'),
(1607, 122, 'ГАЗЕЛА')
SET IDENTITY_INSERT VehicleModelValidation OFF